File,IMOnum,Name
UK,AFG0001,AFG0001
UK,IMO9562233,Petrel 8
UK,8628597,Hao Fan 6
UK,8937675,Tong San 2
UK,8518780,Jie Shun
UK,9191773,Billions No.18
UK,9114555,Ul Ji Bong 6
UK,9020534,Rung Ra 2
UK,7389704,Rye Song Gang 1
UK,8712362,Chon Myong 1
UK,7303803,An San 1
UK,8605026,Yu Phyong 5
UK,8405311,Sam Jong 1
UK,7408873,Sam Jong 2
UK,8106496,Sam Ma 2
UK,8604917,Yu Jong 2
UK,9066978,Paek Ma
UK,8898740,Ji Song 6
UK,8660313,Chon Ma San
UK,8122347,Nam San 8
UK,8691702,Yu Son
UK,8408595,Woory Star
UK,8503228,Ji Song 8
UK,9066540,Hap Jang Gang 6
UK,8916580,Asia Bridge 1
UK,9004700,Xin Guang Hai
UK,9020003,Hua Fu
UK,9030591,Yuk Tung
UK,9417115,Koti
UK,8747604,Hao Fan 2
UK,8518572,Jin Hye
UK,8914934,Fan Ke
UK,8791667,Wan Heng 11
UK,8126070,Min Ning De You 078
UK,8312497,New Regent
UK,8705539,Kum Un San 3
